player_name,date_of_birth,position,nationality,image_url,age
Vassilis Torosidis,1985-05-10,Defender,Greece,https://www.almanaccogiallorosso.it/Giocatori/Torosidis1516.jpg,31
Wojciech Szczęsny,1990-04-18,Goalkeeper,Poland,https://www.almanaccogiallorosso.it/Giocatori/Szczesny1516.jpg,26
Edin Džeko,1986-03-17,Attacker,Bosnia and Herzegovina,https://www.almanaccogiallorosso.it/Giocatori/Dzeko1516.jpg,30
Gervais Lombe Yao Kouassi,1987-05-27,Attacker,Ivory Coast,https://www.almanaccogiallorosso.it/Giocatori/Gervinho1516.jpg,29
Daniele De Rossi,1983-07-24,Midfielder,Italy,https://www.almanaccogiallorosso.it/Giocatori/DeRossi1516.jpg,32
Miralem Pjanić,1990-04-02,Midfielder,Bosnia and Herzegovina,https://www.almanaccogiallorosso.it/Giocatori/Pjanic1516.jpg,26
Radja Nainggolan,1988-05-04,Midfielder,Belgium,https://www.almanaccogiallorosso.it/Giocatori/Nainggolan1516.jpg,28
Mohamed Salah,1992-06-15,Attacker,Egypt,https://www.almanaccogiallorosso.it/Giocatori/Salah1516.jpg,24
Leandro Castán da Silva,1986-11-05,Defender,Brazil,https://www.almanaccogiallorosso.it/Giocatori/Castan1516.jpg,29
Konstantinos Manolas,1991-03-14,Defender,Greece,https://www.almanaccogiallorosso.it/Giocatori/Manolas1516.jpg,25
Alessandro Florenzi,1991-03-11,Midfielder,Italy,https://www.almanaccogiallorosso.it/Giocatori/Florenzi1516.jpg,25
Seydou Kéita,1980-01-16,Midfielder,Mali,https://www.almanaccogiallorosso.it/Giocatori/Keita1516.jpg,36
Iago Falqué Silva,1990-01-04,Midfielder,Spain,https://www.almanaccogiallorosso.it/Giocatori/IagoFalque1516.jpg,26
Segundo Víctor Ibarbo Guerrero,1990-05-19,Attacker,Colombia,https://www.almanaccogiallorosso.it/Giocatori/Ibarbo1516.jpg,26
Lucas Digne,1993-07-20,Defender,France,https://www.almanaccogiallorosso.it/Giocatori/Digne1516.jpg,22
Juan Manuel Iturbe Arévalo,1993-06-04,Attacker,Paraguay,https://www.almanaccogiallorosso.it/Giocatori/Iturbe1516.jpg,23
Adem Ljajić,1991-09-29,Midfielder,Serbia,https://www.almanaccogiallorosso.it/Giocatori/Ljajic1516.jpg,24
Francesco Totti,1976-09-27,Attacker,Italy,https://www.almanaccogiallorosso.it/Giocatori/Totti1516.jpg,39
Antonio Rüdiger,1993-03-03,Defender,Germany,https://www.almanaccogiallorosso.it/Giocatori/Rudiger1516.jpg,23
Maicon Douglas Sisenando,1981-07-26,Defender,Brazil,https://www.almanaccogiallorosso.it/Giocatori/Maicon1516.jpg,34
Morgan De Sanctis,1977-03-26,Goalkeeper,Italy,https://www.almanaccogiallorosso.it/Giocatori/DeSanctis1516.jpg,39
Salih Uçan,1994-01-06,Midfielder,Turkey,https://www.almanaccogiallorosso.it/Giocatori/Ucan1516.jpg,22
William Vainqueur,1988-11-19,Midfielder,France,https://www.almanaccogiallorosso.it/Giocatori/Vainqueur1516.jpg,27
Emerson Palmieri dos Santos,1994-08-03,Defender,Brazil,https://www.almanaccogiallorosso.it/Giocatori/EmersonPalmieri1516.jpg,21
Norbert Gyömbér,1992-07-03,Defender,Slovakia,https://www.almanaccogiallorosso.it/Giocatori/Gyomber1516.jpg,23
Umar Sadiq Mesbah,1997-02-02,Attacker,Nigeria,https://www.almanaccogiallorosso.it/Giocatori/Sadiq1516.jpg,19
Lorenzo Di Livio,1997-01-11,Midfielder,Italy,https://www.almanaccogiallorosso.it/Giocatori/DiLivioLorenzo1617.jpg,19
Marco Tumminello,1998-11-06,Attacker,Italy,https://www.almanaccogiallorosso.it/Giocatori/Tumminello1617.jpg,17
Ervin Zukanović,1987-02-11,Defender,Bosnia and Herzegovina,https://www.almanaccogiallorosso.it/Giocatori/Zukanovic1516.jpg,29
Stephan El Shaarawy,1992-10-27,Attacker,Italy,https://www.almanaccogiallorosso.it/Giocatori/ElShaarawy1516.jpg,23
Diego Perotti,1988-07-26,Attacker,Argentina,https://www.almanaccogiallorosso.it/Giocatori/Perotti1516.jpg,27
Kevin Strootman,1990-02-13,Midfielder,Netherlands,https://www.almanaccogiallorosso.it/Giocatori/Strootman1516.jpg,26
Kingsley Coman,1996-06-13,Attacker,France,https://img.a.transfermarkt.technology/portrait/big/243714-1700040256.jpg?lm=1,20
Mario Mandžukić,1986-05-21,Attacker,Croatia,https://img.a.transfermarkt.technology/portrait/medium/34572-1669305573.jpg?lm=1,30
Simone Padoin,1984-01-18,Midfielder,Italy,https://img.a.transfermarkt.technology/portrait/medium/56703-1448465244.jpg?lm=1,32
Andrea Barzagli,1981-05-08,Defender,Italy,https://img.a.transfermarkt.technology/portrait/medium/7109-1416219029.jpg?lm=1,35
Leonardo Bonucci,1987-05-01,Defender,Italy,https://img.a.transfermarkt.technology/portrait/medium/39983-1693590039.jpg?lm=1,29
Patrice Evra,1981-05-15,Defender,France,https://img.a.transfermarkt.technology/portrait/medium/5285-1416219199.jpg?lm=1,35
Giorgio Chiellini,1984-08-14,Defender,Italy,https://img.a.transfermarkt.technology/portrait/medium/29260-1678025858.jpg?lm=1,31
Gianluigi Buffon,1978-01-28,Goalkeeper,Italy,https://img.a.transfermarkt.technology/portrait/header/5023-1713425275.jpg?lm=1,38
Paul Pogba,1993-03-15,Midfielder,France,https://img.a.transfermarkt.technology/portrait/medium/122153-1730124602.jpg?lm=1,23
Stephan Lichtsteiner,1984-01-16,Defender,Switzerland,https://img.a.transfermarkt.technology/portrait/medium/2865-1410245791.jpg?lm=1,32
Roberto Maximiliano Pereyra,1991-01-07,Midfielder,Argentina,https://img.a.transfermarkt.technology/portrait/medium/112302-1728415731.png?lm=1,25
Paulo Bruno Exequiel Dybala,1993-11-15,Attacker,Argentina,https://img.a.transfermarkt.technology/portrait/medium/206050-1725530843.jpg?lm=1,22
Fernando Llorente Torres,1985-02-26,Attacker,Spain,https://img.a.transfermarkt.technology/portrait/medium/35564-1447240179.jpg?lm=1,31
Mauricio Aníbal Isla Isla,1988-06-12,Defender,Chile,https://img.a.transfermarkt.technology/portrait/medium/43722-1718986946.jpg?lm=1,28
José Martín Cáceres Silva,1987-04-07,Defender,Uruguay,https://img.a.transfermarkt.technology/portrait/medium/54935-1709930415.jpg?lm=1,29
Stefano Sturaro,1993-03-09,Midfielder,Italy,https://img.a.transfermarkt.technology/portrait/medium/167859-1701772192.png?lm=1,23
Álvaro Borja Morata Martín,1992-10-23,Attacker,Spain,https://img.a.transfermarkt.technology/portrait/medium/128223-1719989301.jpg?lm=1,23
Rubens Fernando Moedim,1982-08-04,Goalkeeper,Brazil,https://img.a.transfermarkt.technology/portrait/medium/37598-1455553896.jpg?lm=1,33
Juan Guillermo Cuadrado Bello,1988-05-26,Attacker,Colombia,https://img.a.transfermarkt.technology/portrait/medium/91970-1663576912.jpg?lm=1,28
Anderson Hernanes de Carvalho Andrade,1985-05-29,Midfielder,Brazil,https://img.a.transfermarkt.technology/portrait/medium/52897-1410955079.jpg?lm=1,31
Claudio Marchisio,1986-01-19,Midfielder,Italy,https://img.a.transfermarkt.technology/portrait/medium/44716-1557249476.png?lm=1,30
Alex Sandro Lobo Silva,1991-01-26,Defender,Brazil,https://img.a.transfermarkt.technology/portrait/medium/79960-1661351746.jpg?lm=1,25
Mario Lemina,1993-09-01,Midfielder,Gabon,https://img.a.transfermarkt.technology/portrait/medium/170934-1667549900.jpg?lm=1,22
Simone Zaza,1991-06-25,Attacker,Italy,https://img.a.transfermarkt.technology/portrait/medium/96828-1596184084.jpg?lm=1,25
Norberto Murara Neto,1989-07-19,Goalkeeper,Brazil,https://img.a.transfermarkt.technology/portrait/header/111819-1725051877.jpg?lm=1,26
Sami Khedira,1987-04-04,Midfielder,Germany,https://img.a.transfermarkt.technology/portrait/medium/29401-1595418857.jpg?lm=1,29
Kwadwo Asamoah,1988-12-09,Midfielder,Ghana,https://img.a.transfermarkt.technology/portrait/medium/63531-1455553903.jpg?lm=1,27
Daniele Rugani,1994-07-29,Defender,Italy,https://img.a.transfermarkt.technology/portrait/medium/162959-1595858253.jpg?lm=1,21
Gonzalo Gerardo Higuaín,1987-12-10,Attacker,Argentina,https://img.a.transfermarkt.technology/portrait/medium/39153-1595579337.jpg?lm=1,28
Dries Mertens,1987-05-06,Attacker,Belgium,https://img.a.transfermarkt.technology/portrait/medium/56416-1671109411.png?lm=1,29
Raúl Albiol i Tortajada,1985-09-04,Defender,Spain,https://img.a.transfermarkt.technology/portrait/medium/15452-1664974689.jpg?lm=1,30
Vlad Iulian Chiricheș,1989-11-14,Defender,Romania,https://img.a.transfermarkt.technology/portrait/medium/123261-1732266370.png?lm=1,26
Christian Maggio,1982-02-11,Defender,Italy,https://img.a.transfermarkt.technology/portrait/medium/21151-1455552087.jpg?lm=1,34
Lorenzo Insigne,1991-06-04,Attacker,Italy,https://img.a.transfermarkt.technology/portrait/medium/133964-1740819475.jpg?lm=1,25
Mirko Valdifiori,1986-04-21,Midfielder,Italy,https://img.a.transfermarkt.technology/portrait/medium/84903-1700049819.jpg?lm=1,30
Elseid Hysaj,1994-02-02,Defender,Albania,https://img.a.transfermarkt.technology/portrait/medium/200056-1661350737.jpg?lm=1,22
Marek Hamšík,1987-07-27,Midfielder,Slovakia,https://img.a.transfermarkt.technology/portrait/medium/38593-1630526043.png?lm=1,28
David López Silva,1989-10-09,Midfielder,Spain,https://img.a.transfermarkt.technology/portrait/medium/129444-1448529645.jpg?lm=1,26
José Manuel Reina Páez,1982-08-31,Goalkeeper,Spain,https://img.a.transfermarkt.technology/portrait/medium/7825-1724826388.jpg?lm=1,33
Manolo Gabbiadini,1991-11-26,Attacker,Italy,https://img.a.transfermarkt.technology/portrait/medium/112343-1663679945.jpg?lm=1,24
Omar El Kaddouri,1990-08-21,Midfielder,Morocco,https://img.a.transfermarkt.technology/portrait/medium/73097-1613847346.jpg?lm=1,25
José María Callejón Bueno,1987-02-11,Attacker,Spain,https://img.a.transfermarkt.technology/portrait/medium/61253-1602070711.jpg?lm=1,29
Kalidou Koulibaly,1991-06-20,Defender,Senegal,https://img.a.transfermarkt.technology/portrait/medium/93128-1697050549.png?lm=1,25
Allan Marques Loureiro,1991-01-08,Midfielder,Brazil,https://img.a.transfermarkt.technology/portrait/medium/126422-1448529525.jpg?lm=1,25
Jorge Luiz Frello Filho,1992-12-20,Defender,Brazil,https://img.a.transfermarkt.technology/portrait/medium/102017-1682590896.jpg?lm=1,23
Faouzi Ghoulam,1991-02-01,Defender,Algeria,https://img.a.transfermarkt.technology/portrait/medium/126656-1696432810.png?lm=1,25
Nathaniel Chalobah,1995-12-12,Midfielder,England,https://img.a.transfermarkt.technology/portrait/medium/128900-1651652768.jpg?lm=1,20
Ivan Strinić,1987-07-17,Defender,Croatia,https://img.a.transfermarkt.technology/portrait/medium/39799-1448529312.jpg?lm=1,28
Gabriel Vasconelos Ferreira,1992-09-27,Midfielder,Brazil,https://img.a.transfermarkt.technology/portrait/medium/79242-1633101492.jpg?lm=1,23
Vasco Regini,1990-09-09,Defender,Italy,https://img.a.transfermarkt.technology/portrait/medium/72274-1663959711.jpg?lm=1,25
Rodrigo Sebastián Palacio,1982-02-05,Attacker,Argentina,https://img.a.transfermarkt.technology/portrait/medium/39099-1410955127.jpg?lm=1,34
Juan Guilherme Nunes Jesus,1994-06-10,Defender,Brazil,https://img.a.transfermarkt.technology/portrait/medium/121985-1630496408.jpg?lm=1,22
Geoffrey Kondogbia,1993-02-15,Midfielder,France,https://img.a.transfermarkt.technology/portrait/medium/127189-1703066053.jpg?lm=1,23
Jeison Fabián Murillo Cerón,1992-05-27,Defender,Colombia,https://img.a.transfermarkt.technology/portrait/medium/131102-1739290856.jpg?lm=1,24
Assane Demoya Gnoukouri,1996-09-28,Midfielder,Ivory Coast,https://img.a.transfermarkt.technology/portrait/medium/336704-1448967514.jpg?lm=1,19
João Miranda de Souza Filho,1984-09-07,Defender,Brazil,https://img.a.transfermarkt.technology/portrait/medium/33357-1448967043.jpg?lm=1,31
Samir Handanovič,1984-07-14,Goalkeeper,Slovenia,https://img.a.transfermarkt.technology/portrait/medium/28021-1686929975.jpg?lm=1,31
Davide Santon,1991-01-02,Defender,Italy,https://img.a.transfermarkt.technology/portrait/medium/84344-1595927717.jpg?lm=1,25
Gary Alexis Medel Soto,1987-08-03,Midfielder,Chile,https://img.a.transfermarkt.technology/portrait/medium/60889-1630574292.jpg?lm=1,28
Mauro Emanuel Icardi Rivero,1993-02-19,Attacker,Argentina,https://img.a.transfermarkt.technology/portrait/medium/68863-1671105169.png?lm=1,23
Marcelo Brozović,1992-11-16,Midfielder,Croatia,https://img.a.transfermarkt.technology/portrait/medium/156617-1661352678.jpg?lm=1,23
Stevan Jovetić,1989-11-02,Attacker,Montenegro,https://img.a.transfermarkt.technology/portrait/medium/46104-1732288884.jpg?lm=1,26
Rey Manaj,1997-02-24,Attacker,Albania,https://img.a.transfermarkt.technology/portrait/medium/308278-1724077102.png?lm=1,19
Fredy Alejandro Guarín Vásquez,1986-06-30,Midfielder,Colombia,https://img.a.transfermarkt.technology/portrait/medium/39090-1410339957.jpg?lm=1,30
Yuto Nagatomo,1986-09-12,Defender,Japan,https://img.a.transfermarkt.technology/portrait/small/79522-1572951921.jpg?lm=1,29
Andrea Ranocchia,1988-02-16,Defender,Italy,https://img.a.transfermarkt.technology/portrait/medium/44327-1663659408.jpg?lm=1,28
Ivan Perišić,1989-02-02,Attacker,Croatia,https://img.a.transfermarkt.technology/portrait/medium/42460-1667991317.jpg?lm=1,27
Felipe Melo de Carvalho,1983-06-26,Midfielder,Brazil,https://img.a.transfermarkt.technology/portrait/medium/35537-1448967266.jpg?lm=1,33
Alex Nicolao Telles,1992-12-15,Defender,Brazil,https://img.a.transfermarkt.technology/portrait/medium/255755-1659559306.jpg?lm=1,23
Jonathan Ludovic Biabiany,1988-04-28,Attacker,France,https://img.a.transfermarkt.technology/portrait/medium/45567-1448967724.jpg?lm=1,28
Danilo D''Ambrosio,1988-09-09,Defender,Italy,https://img.a.transfermarkt.technology/portrait/medium/55769-1595925735.jpg?lm=1,27
Martín Montoya Torralbo,1991-04-14,Defender,Spain,https://img.a.transfermarkt.technology/portrait/medium/68645-1691487947.jpg?lm=1,25
Eder Citadin Martins,1986-11-15,Attacker,Brazil,https://img.a.transfermarkt.technology/portrait/medium/37418-1609843623.jpg?lm=1,29
Juan Pablo Carrizo,1984-05-06,Goalkeeper,Argentina,https://img.a.transfermarkt.technology/portrait/medium/39118-1410340416.jpg?lm=1,32
Ionuț Andrei Radu,1997-05-28,Goalkeeper,Romania,https://img.a.transfermarkt.technology/portrait/medium/303657-1699432718.jpg?lm=1,19
Fabio Della Giovanna,1997-03-21,Defender,Italy,https://img.a.transfermarkt.technology/portrait/medium/291392-1505224934.jpg?lm=1,19
Ştefan Daniel Radu,1986-10-22,Defender,Romania,https://img.a.transfermarkt.technology/portrait/medium/44420-1688474820.jpg?lm=1,29
Ricardo Kishna,1995-01-04,Attacker,Netherlands,https://img.a.transfermarkt.technology/portrait/medium/159026-1448468222.jpg?lm=1,21
Antonio Candreva,1987-02-28,Attacker,Italy,https://img.a.transfermarkt.technology/portrait/medium/25488-1630591271.jpg?lm=1,29
Keita Baldé Diao,1995-03-08,Attacker,Senegal,https://img.a.transfermarkt.technology/portrait/medium/238752-1726065554.png?lm=1,21
Santiago Juan Gentiletti Selak,1985-01-09,Defender,Argentina,https://img.a.transfermarkt.technology/portrait/medium/30782-1411570442.jpg?lm=1,31
Lucas Rodrigo Biglia,1986-01-30,Midfielder,Argentina,https://img.a.transfermarkt.technology/portrait/medium/26721-1669376509.jpg?lm=1,30
Stefan de Vrij,1992-02-05,Defender,Netherlands,https://img.a.transfermarkt.technology/portrait/medium/111196-1663572651.jpg?lm=1,24
Marco Parolo,1985-01-25,Midfielder,Italy,https://img.a.transfermarkt.technology/portrait/medium/84545-1448467664.jpg?lm=1,31
Dušan Basta,1984-08-18,Defender,Serbia,https://img.a.transfermarkt.technology/portrait/medium/19694-1448467318.jpg?lm=1,31
Etrit Berisha,1989-03-10,Goalkeeper,Albania,https://img.a.transfermarkt.technology/portrait/medium/77825-1716969076.jpg?lm=1,27
Senad Lulić,1986-01-18,Midfielder,Bosnia and Herzegovina,https://img.a.transfermarkt.technology/portrait/medium/61449-1455552952.jpg?lm=1,30
Danilo Cataldi,1994-08-06,Midfielder,Italy,https://img.a.transfermarkt.technology/portrait/medium/199733-1661513736.jpg?lm=1,21
Sergej Milinković-Savić,1995-02-27,Midfielder,Serbia,https://img.a.transfermarkt.technology/portrait/medium/266302-1697051652.png?lm=1,21
Felipe Anderson Pereira Gomes,1993-04-15,Attacker,Brazil,https://img.a.transfermarkt.technology/portrait/medium/159372-1692963183.jpg?lm=1,23
Ravel Morrison,1993-02-02,Midfielder,Jamaica,https://img.a.transfermarkt.technology/portrait/medium/128907-1678030794.jpg?lm=1,23
Patricio Gabarrón Gil,1993-04-17,Midfielder,Spain,https://img.a.transfermarkt.technology/portrait/medium/126729-1695026786.jpg?lm=1,23
Maurício dos Santos Nascimento,1988-09-20,Defender,Brazil,https://img.a.transfermarkt.technology/portrait/medium/67864-1413969525.jpg?lm=1,27
Wesley Hoedt,1994-03-06,Defender,Netherlands,https://img.a.transfermarkt.technology/portrait/medium/253765-1660675203.jpg?lm=1,22
Stefano Mauri,1980-01-08,Midfielder,Italy,https://img.a.transfermarkt.technology/portrait/medium/6043-1455552897.jpg?lm=1,36
Federico Marchetti,1983-02-07,Goalkeeper,Italy,https://img.a.transfermarkt.technology/portrait/medium/22318-1688474874.jpg?lm=1,33
Alessandro Matri,1984-08-19,Attacker,Italy,https://img.a.transfermarkt.technology/portrait/medium/40660-1486640070.jpg?lm=1,31
Ogenyi Eddy Onazi,1992-12-25,Midfielder,Nigeria,https://img.a.transfermarkt.technology/portrait/medium/131709-1579134340.png?lm=1,23
Filip Đorđević,1987-09-28,Attacker,Serbia,https://img.a.transfermarkt.technology/portrait/medium/47065-1608096642.png?lm=1,28
Abdoulay Konko,1984-03-09,Defender,France,https://img.a.transfermarkt.technology/portrait/medium/22139-1448467368.jpg?lm=1,32
Miroslav Klose,1978-06-09,Attacker,Germany,https://img.a.transfermarkt.technology/portrait/medium/10-1448468291.jpg?lm=1,38
Edson Braafheid,1983-04-08,Defender,Netherlands,https://img.a.transfermarkt.technology/portrait/medium/16731-1561124429.jpg?lm=1,33
Milan Biševac,1983-08-31,Defender,Serbia,https://img.a.transfermarkt.technology/portrait/medium/24661-1448018509.jpg?lm=1,32
Nikola Kalinić,1988-01-05,Attacker,Croatia,https://img.a.transfermarkt.technology/portrait/medium/36371-1662878081.jpg?lm=1,28
Federico Bernardeschi,1994-02-16,Attacker,Italy,https://img.a.transfermarkt.technology/portrait/medium/197300-1740819052.jpg?lm=1,22
Gilberto Moraes Junior,1993-03-07,Defender,Brazil,https://img.a.transfermarkt.technology/portrait/medium/231614-1603795306.jpg?lm=1,23
Gonzalo Javier Rodríguez,1984-04-10,Defender,Argentina,https://img.a.transfermarkt.technology/portrait/medium/19998-1455552310.jpg?lm=1,32
Marcos Alonso Mendoza,1990-12-28,Defender,Spain,https://img.a.transfermarkt.technology/portrait/medium/112515-1694505734.jpg?lm=1,25
Milan Badelj,1989-02-25,Midfielder,Croatia,https://img.a.transfermarkt.technology/portrait/medium/40633-1692277462.jpg?lm=1,27
Nenad Tomović,1987-08-30,Defender,Serbia,https://img.a.transfermarkt.technology/portrait/medium/47085-1448526876.jpg?lm=1,28
Josip Iličić,1988-01-29,Attacker,Slovenia,https://img.a.transfermarkt.technology/portrait/medium/80351-1661981551.jpg?lm=1,28
Borja Valero Iglesias,1985-01-12,Midfielder,Spain,https://img.a.transfermarkt.technology/portrait/medium/40372-1448527157.jpg?lm=1,31
Anton Ciprian Tătărușanu,1986-02-09,Goalkeeper,Romania,https://img.a.transfermarkt.technology/portrait/medium/55282-1663574299.jpg?lm=1,30
Facundo Sebastián Roncaglia,1987-02-10,Defender,Argentina,https://img.a.transfermarkt.technology/portrait/medium/61546-1742328609.jpg?lm=1,29
Davide Astori,1987-01-07,Defender,Italy,https://img.a.transfermarkt.technology/portrait/medium/87210-1520162249.jpg?lm=1,29
Mario Suárez Mata,1987-02-24,Midfielder,Spain,https://img.a.transfermarkt.technology/portrait/medium/37337-1448527270.jpg?lm=1,29
Matías Ariel Fernández Fernández,1986-05-15,Midfielder,Chile,https://img.a.transfermarkt.technology/portrait/medium/37918-1448527391.jpg?lm=1,30
Giuseppe Rossi,1987-02-01,Attacker,Italy,https://img.a.transfermarkt.technology/portrait/medium/19104-1584043594.jpg?lm=1,29
Ante Rebić,1993-09-21,Attacker,Croatia,https://img.a.transfermarkt.technology/portrait/medium/187587-1596115623.jpg?lm=1,22
Khouma El Hadji Babacar,1993-03-17,Attacker,Senegal,https://img.a.transfermarkt.technology/portrait/medium/124902-1724326318.png?lm=1,23
Matías Vecino Falero,1991-08-24,Midfielder,Uruguay,https://img.a.transfermarkt.technology/portrait/medium/143812-1695026891.jpg?lm=1,24
Manuel Pasqual,1982-03-13,Defender,Italy,https://img.a.transfermarkt.technology/portrait/medium/23284-1448527099.jpg?lm=1,34
Jakub Błaszczykowski,1985-12-14,Attacker,Poland,https://img.a.transfermarkt.technology/portrait/medium/29835-1670965927.png?lm=1,30
Joan Verdú Fernández,1983-05-05,Midfielder,Spain,https://img.a.transfermarkt.technology/portrait/medium/28005-1448527777.jpg?lm=1,33
Luca Lezzerini,1995-03-24,Goalkeeper,Italy,https://img.a.transfermarkt.technology/portrait/medium/135747-1630656710.jpg?lm=1,21
Alberto Facundo Costa,1985-01-09,Defender,Argentina,https://img.a.transfermarkt.technology/portrait/medium/77003-1448531413.jpg?lm=1,31
Mauro Matías Zárate,1987-03-18,Attacker,Argentina,https://img.a.transfermarkt.technology/portrait/medium/26456-1676018324.jpg?lm=1,29
Cristian Tello Herrera,1991-08-11,Attacker,Spain,https://img.a.transfermarkt.technology/portrait/medium/141834-1716742330.png?lm=1,24
Panagiotis Giorgios Kone,1987-07-26,Midfielder,Greece,https://img.a.transfermarkt.technology/portrait/medium/19636-1418723053.jpg?lm=1,28
Luca Antonelli,1987-02-11,Defender,Italy,https://img.a.transfermarkt.technology/portrait/medium/45565-1649702627.jpg?lm=1,29
Andrea Bertolacci,1991-01-11,Midfielder,Italy,https://img.a.transfermarkt.technology/portrait/medium/99227-1682001458.png?lm=1,25
Mattia De Sciglio,1992-10-20,Defender,Italy,https://img.a.transfermarkt.technology/portrait/medium/88682-1663577192.jpg?lm=1,23
Nigel de Jong,1984-11-30,Midfielder,Netherlands,https://img.a.transfermarkt.technology/portrait/medium/4672-1448982742.jpg?lm=1,31
Rodrigo Ely,1993-11-03,Defender,Brazil,https://img.a.transfermarkt.technology/portrait/medium/176140-1448982160.jpg?lm=1,22
Diego López Rodríguez,1981-11-03,Goalkeeper,Spain,https://img.a.transfermarkt.technology/portrait/medium/34370-1490690031.jpg?lm=1,34
Luiz Adriano de Souza da Silva,1987-04-12,Attacker,Brazil,https://img.a.transfermarkt.technology/portrait/medium/48974-1665561133.png?lm=1,29
Giacomo Bonaventura,1989-08-22,Midfielder,Italy,https://img.a.transfermarkt.technology/portrait/medium/57280-1707150976.jpg?lm=1,26
Alessio Romagnoli,1995-01-12,Defender,Italy,https://img.a.transfermarkt.technology/portrait/medium/197747-1730125586.jpg?lm=1,21
Keisuke Honda,1986-06-13,Midfielder,Japan,https://img.a.transfermarkt.technology/portrait/medium/66521-1455538386.jpg?lm=1,30
Carlos Arturo Bacca Ahumada,1986-09-08,Attacker,Colombia,https://img.a.transfermarkt.technology/portrait/medium/119235-1702399864.jpg?lm=1,29
Cristian Eduardo Zapata Valencia,1986-09-30,Defender,Colombia,https://img.a.transfermarkt.technology/portrait/medium/34344-1636128495.JPG?lm=1,29
Antonio Nocerino,1985-04-09,Midfielder,Italy,https://img.a.transfermarkt.technology/portrait/medium/22203-1489605377.jpg?lm=1,31
Alessio Cerci,1987-07-23,Attacker,Italy,https://img.a.transfermarkt.technology/portrait/medium/21748-1448983122.jpg?lm=1,28
Jesús Joaquín Fernández Sáez de la Torre,1993-11-19,Attacker,Spain,https://img.a.transfermarkt.technology/portrait/medium/111961-1455551677.jpg?lm=1,22
Juraj Kucka,1987-02-26,Midfielder,Slovakia,https://img.a.transfermarkt.technology/portrait/medium/74943-1713529530.png?lm=1,29
Andrea Poli,1989-09-29,Midfielder,Italy,https://img.a.transfermarkt.technology/portrait/medium/44834-1665662181.png?lm=1,26
Riccardo Montolivo,1985-01-18,Midfielder,Italy,https://img.a.transfermarkt.technology/portrait/medium/19446-1455536395.jpg?lm=1,31
Ignazio Abate,1986-11-12,Defender,Italy,https://img.a.transfermarkt.technology/portrait/medium/16631-1571989633.jpg?lm=1,29
Mario Barwuah Balotelli,1990-08-12,Attacker,Italy,https://img.a.transfermarkt.technology/portrait/medium/45146-1738057477.jpg?lm=1,25
Davide Calabria,1996-12-06,Defender,Italy,https://img.a.transfermarkt.technology/portrait/medium/262523-1684856316.jpg?lm=1,19
Alex Rodrigo Dias da Costa,1992-06-17,Defender,Brazil,https://img.a.transfermarkt.technology/portrait/medium/15420-1455536547.jpg?lm=1,24
Gianluigi Donnarumma,1999-02-25,Goalkeeper,Italy,https://img.a.transfermarkt.technology/portrait/medium/315858-1672304477.jpg?lm=1,17
Philippe Mexès,1982-03-30,Defender,France,https://img.a.transfermarkt.technology/portrait/medium/5422-1448982185.jpg?lm=1,34
M''Baye Babacar Niang,1994-12-19,Attacker,Senegal,https://img.a.transfermarkt.technology/portrait/medium/157501-1695124679.png?lm=1,21
Kevin-Prince Boateng,1987-03-06,Midfielder,Ghana,https://img.a.transfermarkt.technology/portrait/medium/16922-1657098909.jpg?lm=1,29
Jérémy Ménez,1987-05-07,Attacker,France,https://img.a.transfermarkt.technology/portrait/medium/16993-1671130470.jpg?lm=1,29
Christian Abbiati,1977-07-08,Goalkeeper,Italy,https://img.a.transfermarkt.technology/portrait/medium/3507-1455536201.jpg?lm=1,38
José Mauri,1996-05-16,Midfielder,Italy,https://img.a.transfermarkt.technology/portrait/medium/240958-1647549471.jpg?lm=1,20
Manuel Locatelli,1998-01-08,Midfielder,Italy,https://img.a.transfermarkt.technology/portrait/medium/265088-1730125083.jpg?lm=1,18
Roberto Soriano,1991-02-08,Midfielder,Italy,https://img.a.transfermarkt.technology/portrait/medium/63186-1596008971.jpg?lm=1,25
Fernando Lucas Martins,1992-03-03,Midfielder,Brazil,https://img.a.transfermarkt.technology/portrait/medium/105456-1665560457.png?lm=1,24
Andrea Coda,1985-04-25,Defender,Italy,https://img.a.transfermarkt.technology/portrait/medium/28833-1448964983.jpg?lm=1,31
Dávid Ivan,1995-02-26,Midfielder,Slovakia,https://img.a.transfermarkt.technology/portrait/medium/168416-1647699099.png?lm=1,21
Mattia Cassani,1983-08-26,Defender,Italy,https://img.a.transfermarkt.technology/portrait/medium/21859-1448964796.jpg?lm=1,32
Édgar Osvaldo Barreto Cáceres,1984-07-15,Midfielder,Paraguay,https://img.a.transfermarkt.technology/portrait/medium/16120-1448965155.jpg?lm=1,31
Luis Fernando Muriel Fruto,1991-04-16,Attacker,Colombia,https://img.a.transfermarkt.technology/portrait/medium/119228-1740780590.jpg?lm=1,25
Emiliano Viviano,1985-12-01,Goalkeeper,Italy,https://img.a.transfermarkt.technology/portrait/medium/24316-1665671190.png?lm=1,30
Matías Agustín Silvestre,1984-09-25,Defender,Argentina,https://img.a.transfermarkt.technology/portrait/medium/20003-1635891092.jpg?lm=1,31
Antonio Cassano,1982-07-12,Attacker,Italy,https://img.a.transfermarkt.technology/portrait/medium/5962-1448965838.jpg?lm=1,33
Paweł Wszołek,1992-04-30,Attacker,Poland,https://img.a.transfermarkt.technology/portrait/medium/164759-1677703476.png?lm=1,24
Angelo Palombo,1981-09-25,Midfielder,Italy,https://img.a.transfermarkt.technology/portrait/medium/6793-1448965403.jpg?lm=1,34
Niklas Moisander,1985-09-29,Defender,Finland,https://img.a.transfermarkt.technology/portrait/medium/5017-1535124028.jpg?lm=1,30
Pedro Miguel Almeida Lopes Pereira,1998-01-22,Midfielder,Portugal,https://img.a.transfermarkt.technology/portrait/medium/314965-1725528497.jpg?lm=1,18
Carlos Joaquín Correa,1994-08-13,Attacker,Argentina,https://img.a.transfermarkt.technology/portrait/medium/227081-1724826843.jpg?lm=1,21
Alejandro Miguel Rodriguez,1991-07-30,Attacker,Argentina,https://img.a.transfermarkt.technology/portrait/medium/169533-1602089331.jpg?lm=1,24
Lazaros Christodoulopoulos,1986-12-19,Attacker,Greece,https://img.a.transfermarkt.technology/portrait/medium/34283-1728934213.jpg?lm=1,29
Djamel Eddine Mesbah,1984-10-09,Defender,Algeria,https://img.a.transfermarkt.technology/portrait/medium/17735-1448965006.jpg?lm=1,31
Michele Rocca,1996-02-06,Midfielder,Italy,https://img.a.transfermarkt.technology/portrait/medium/257118-1665738968.png?lm=1,20
Carlos Mario Carbonero Mancilla,1990-07-25,Midfielder,Colombia,https://img.a.transfermarkt.technology/portrait/medium/136605-1448965264.jpg?lm=1,25
Federico Bonazzoli,1997-05-21,Attacker,Italy,https://img.a.transfermarkt.technology/portrait/medium/241527-1692962795.jpg?lm=1,19
Lorenzo De Silvestri,1988-05-23,Defender,Italy,https://img.a.transfermarkt.technology/portrait/medium/33571-1595929290.jpg?lm=1,28
Ricardo Gabriel Álvarez,1988-04-12,Attacker,Argentina,https://img.a.transfermarkt.technology/portrait/medium/76077-1638748437.JPG?lm=1,28
José Rodolfo Pires Ribeiro,1992-02-06,Goalkeeper,Brazil,https://img.a.transfermarkt.technology/portrait/medium/109038-1662403413.jpg?lm=1,24
Jacopo Sala,1991-12-05,Midfielder,Italy,https://img.a.transfermarkt.technology/portrait/medium/96806-1602507062.jpg?lm=1,24
Modibo Diakité,1987-03-02,Defender,Mali,https://img.a.transfermarkt.technology/portrait/medium/41749-1449138062.jpg?lm=1,29
Fabio Quagliarella,1983-01-31,Attacker,Italy,https://img.a.transfermarkt.technology/portrait/medium/22328-1630591208.jpg?lm=1,33
Nenad Krstičić,1990-07-03,Midfielder,Serbia,https://img.a.transfermarkt.technology/portrait/medium/56790-1663922765.jpg?lm=1,25
Milan Škriniar,1995-02-11,Defender,Slovakia,https://img.a.transfermarkt.technology/portrait/medium/204069-1738665259.png?lm=1,21
Alberto Brignoli,1991-08-19,Goalkeeper,Italy,https://img.a.transfermarkt.technology/portrait/medium/146799-1728414729.png?lm=1,24
Andrés Fabián Ponce Núñez,1996-11-11,Attacker,Ecuador,https://img.a.transfermarkt.technology/portrait/medium/308256-1721403631.jpg?lm=1,19
Maximiliano Gastón López,1984-04-03,Attacker,Argentina,https://img.a.transfermarkt.technology/portrait/medium/26263-1455551261.jpg?lm=1,32
Alessandro Gazzi,1983-01-28,Midfielder,Italy,https://img.a.transfermarkt.technology/portrait/medium/28827-1536479647.jpg?lm=1,33
Nikola Maksimović,1991-11-25,Defender,Serbia,https://img.a.transfermarkt.technology/portrait/medium/124715-1696432924.png?lm=1,24
Emiliano Moretti,1981-06-11,Defender,Italy,https://img.a.transfermarkt.technology/portrait/medium/5755-1419247542.jpg?lm=1,35
Danilo Fernando Avelar,1989-06-09,Defender,Brazil,https://img.a.transfermarkt.technology/portrait/medium/140748-1448968398.jpg?lm=1,27
Daniele Baselli,1992-03-12,Midfielder,Italy,https://img.a.transfermarkt.technology/portrait/medium/134883-1630509123.jpg?lm=1,24
Kamil Glik,1988-02-03,Defender,Poland,https://img.a.transfermarkt.technology/portrait/medium/46552-1697367546.png?lm=1,28
Bruno da Silva Peres,1990-03-01,Defender,Brazil,https://img.a.transfermarkt.technology/portrait/medium/148751-1630526671.png?lm=1,26
Daniele Padelli,1985-10-25,Goalkeeper,Italy,https://img.a.transfermarkt.technology/portrait/medium/27807-1630653305.jpg?lm=1,30
Marco Benassi,1994-09-08,Midfielder,Italy,https://img.a.transfermarkt.technology/portrait/medium/201040-1644233941.jpg?lm=1,21
Josef Alexander Martínez Mencia,1993-05-19,Attacker,Venezuela,https://img.a.transfermarkt.technology/portrait/medium/162569-1740595401.jpg?lm=1,23
Afriyie Acquah,1992-01-05,Midfielder,Ghana,https://img.a.transfermarkt.technology/portrait/medium/145581-1612444957.jpeg?lm=1,24
Giuseppe Vives,1980-07-14,Midfielder,Italy,https://img.a.transfermarkt.technology/portrait/medium/42345-1500355297.jpg?lm=1,35
Andrea Belotti,1993-12-20,Attacker,Italy,https://img.a.transfermarkt.technology/portrait/medium/167727-1663581136.jpg?lm=1,22
Cristian Molinaro,1983-07-30,Defender,Italy,https://img.a.transfermarkt.technology/portrait/medium/21972-1448968467.jpg?lm=1,32
Joel Chukwuma Obi,1991-05-22,Midfielder,Nigeria,https://img.a.transfermarkt.technology/portrait/medium/45581-1630590262.jpg?lm=1,25
Cesare Bovo,1983-01-14,Defender,Italy,https://img.a.transfermarkt.technology/portrait/medium/5946-1538202342.jpg?lm=1,33
Pontus Jansson,1991-02-13,Defender,Sweden,https://img.a.transfermarkt.technology/portrait/medium/125314-1448968200.jpg?lm=1,25
Davide Zappacosta,1992-06-11,Defender,Italy,https://img.a.transfermarkt.technology/portrait/medium/173859-1661268432.jpg?lm=1,24
Gastón Alexis Silva Perdomo,1994-03-05,Defender,Uruguay,https://img.a.transfermarkt.technology/portrait/medium/189452-1742487220.jpg?lm=1,22
Sanjin Prcić,1993-11-20,Midfielder,Bosnia and Herzegovina,https://img.a.transfermarkt.technology/portrait/medium/125783-1676911212.jpg?lm=1,22
Amauri Carvalho de Oliveira,1980-06-03,Attacker,Brazil,https://img.a.transfermarkt.technology/portrait/medium/6234-1495724417.jpg?lm=1,36
Ciro Immobile,1990-02-20,Attacker,Italy,https://img.a.transfermarkt.technology/portrait/medium/105521-1727355739.png?lm=1,26
Salvador Ichazo Fernández,1992-01-26,Goalkeeper,Uruguay,https://img.a.transfermarkt.technology/portrait/medium/131098-1721238735.JPG?lm=1,24
Alexander Farnerud,1984-05-01,Midfielder,Sweden,https://img.a.transfermarkt.technology/portrait/medium/10255-1455550957.jpg?lm=1,32
Simone Edera,1997-01-09,Attacker,Italy,https://img.a.transfermarkt.technology/portrait/medium/340070-1630509190.jpg?lm=1,19
Robert Acquafresca,1987-09-11,Attacker,Italy,https://img.a.transfermarkt.technology/portrait/medium/35703-1449135806.jpg?lm=1,28
Franco Brienza,1979-03-19,Midfielder,Italy,https://img.a.transfermarkt.technology/portrait/medium/16137-1485330942.jpg?lm=1,37
Marios Oikonomou,1992-10-06,Defender,Greece,https://img.a.transfermarkt.technology/portrait/medium/174488-1676642233.jpg?lm=1,23
Luca Rossettini,1985-09-09,Defender,Italy,https://img.a.transfermarkt.technology/portrait/medium/60128-1602853984.jpg?lm=1,30
Marco Crimi,1990-03-17,Midfielder,Italy,https://img.a.transfermarkt.technology/portrait/medium/149526-1698826782.jpg?lm=1,26
Lorenzo Crisetig,1993-01-20,Midfielder,Italy,https://img.a.transfermarkt.technology/portrait/medium/110928-1613739056.jpg?lm=1,23
Adam Masina,1994-01-02,Defender,Morocco,https://img.a.transfermarkt.technology/portrait/medium/286949-1658130450.jpg?lm=1,22
Matteo Brighi,1981-02-14,Midfielder,Italy,https://img.a.transfermarkt.technology/portrait/medium/5868-1469109026.jpg?lm=1,35
Alex Ferrari,1994-07-01,Defender,Italy,https://img.a.transfermarkt.technology/portrait/medium/197491-1595918621.jpg?lm=1,21
Antonio Mirante,1983-07-08,Goalkeeper,Italy,https://img.a.transfermarkt.technology/portrait/medium/22141-1663574908.jpg?lm=1,32
Matteo Mancosu,1984-12-22,Attacker,Italy,https://img.a.transfermarkt.technology/portrait/medium/230611-1602089366.jpg?lm=1,31
Erick Antonio Pulgar Farfán,1994-01-15,Midfielder,Chile,https://img.a.transfermarkt.technology/portrait/medium/215616-1744288828.jpg?lm=1,22
Mattia Destro,1991-03-20,Attacker,Italy,https://img.a.transfermarkt.technology/portrait/medium/88683-1695031437.jpg?lm=1,25
Amadou Diawara,1997-07-17,Midfielder,Guinea,https://img.a.transfermarkt.technology/portrait/medium/355501-1666809838.jpg?lm=1,18
Domenico Maietta,1982-08-03,Defender,Italy,https://img.a.transfermarkt.technology/portrait/medium/22140-1449135052.jpg?lm=1,33
Ibrahima Mbaye,1994-11-19,Defender,Senegal,https://img.a.transfermarkt.technology/portrait/medium/207715-1595929552.jpg?lm=1,21
Godfred Donsah,1996-06-07,Midfielder,Ghana,https://img.a.transfermarkt.technology/portrait/medium/291266-1632544851.jpg?lm=1,20
Filippo Falco,1992-02-11,Attacker,Italy,https://img.a.transfermarkt.technology/portrait/medium/70689-1596116597.jpg?lm=1,24
Emanuele Giaccherini,1985-05-05,Midfielder,Italy,https://img.a.transfermarkt.technology/portrait/medium/84835-1455532189.jpg?lm=1,31
Anthony Mounier,1987-09-27,Attacker,France,https://img.a.transfermarkt.technology/portrait/medium/57110-1449135663.jpg?lm=1,28
Saphir Sliti Taïder,1992-02-29,Midfielder,Algeria,https://img.a.transfermarkt.technology/portrait/medium/144779-1583613481.jpg?lm=1,24
Luca Rizzo,1992-04-24,Midfielder,Italy,https://img.a.transfermarkt.technology/portrait/medium/167895-1570170817.jpg?lm=1,24
Daniele Gastaldello,1983-06-25,Defender,Italy,https://img.a.transfermarkt.technology/portrait/medium/7096-1577460129.jpg?lm=1,33
Emil Krafth,1994-08-02,Defender,Sweden,https://img.a.transfermarkt.technology/portrait/medium/184528-1674210829.jpg?lm=1,21
Angelo Esmael da Costa Júnior,1983-11-12,Midfielder,Brazil,https://img.a.transfermarkt.technology/portrait/medium/82693-1455534756.jpg?lm=1,32
Archimede Morleo,1983-09-26,Defender,Italy,https://img.a.transfermarkt.technology/portrait/medium/85066-1455534434.jpg?lm=1,32
Juan Camilo Zúñiga Mosquera,1985-12-14,Defender,Colombia,https://img.a.transfermarkt.technology/portrait/medium/37941-1418292035.jpg?lm=1,30
Sergio Floccari,1981-11-12,Attacker,Italy,https://img.a.transfermarkt.technology/portrait/medium/30638-1449060306.jpg?lm=1,34
Kévin Constant,1987-05-10,Midfielder,Guinea,https://img.a.transfermarkt.technology/portrait/medium/43760-1410444976.jpg?lm=1,29
Franco Zuculini,1990-09-05,Midfielder,Argentina,https://img.a.transfermarkt.technology/portrait/medium/73083-1566594536.png?lm=1,25
Aaron Mattia Tabacchi,1998-06-26,Midfielder,Italy,https://img.a.transfermarkt.technology/portrait/medium/353998-1446818660.jpg?lm=1,18
Ivaylo Chochev,1993-02-18,Midfielder,Bulgaria,https://img.a.transfermarkt.technology/portrait/medium/252767-1720983977.png?lm=1,23
Franco Damián Vázquez,1989-02-22,Midfielder,Argentina,https://img.a.transfermarkt.technology/portrait/medium/76163-1712416154.jpg?lm=1,27
Giancarlo González Castro,1988-02-08,Defender,Costa Rica,https://img.a.transfermarkt.technology/portrait/medium/111893-1740159812.jpg?lm=1,28
Andrea Rispoli,1988-09-29,Defender,Italy,https://img.a.transfermarkt.technology/portrait/medium/74448-1448983736.jpg?lm=1,27
Abdelhamid El Kaoutari,1990-03-17,Defender,Morocco,https://img.a.transfermarkt.technology/portrait/medium/74615-1632825253.jpg?lm=1,26
Achraf Lazaar,1992-01-22,Defender,Morocco,https://img.a.transfermarkt.technology/portrait/medium/139173-1676842880.png?lm=1,24
Luca Rigoni,1984-12-07,Midfielder,Italy,https://img.a.transfermarkt.technology/portrait/medium/22210-1608182143.jpg?lm=1,31
Stefano Sorrentino,1979-03-28,Goalkeeper,Italy,https://img.a.transfermarkt.technology/portrait/medium/21891-1448983362.jpg?lm=1,37
Robin Quaison,1993-10-09,Attacker,Sweden,https://img.a.transfermarkt.technology/portrait/medium/206542-1735062490.jpg?lm=1,22
Roberto Vitiello,1983-05-08,Defender,Italy,https://img.a.transfermarkt.technology/portrait/medium/22217-1448984011.jpg?lm=1,33
Mato Jajalo,1988-05-25,Midfielder,Bosnia and Herzegovina,https://img.a.transfermarkt.technology/portrait/medium/47513-1630652559.jpg?lm=1,28
Aleksandar Trajkovski,1992-09-05,Midfielder,North Macedonia,https://img.a.transfermarkt.technology/portrait/medium/142920-1696187939.jpg?lm=1,23
Oscar Hiljemark,1992-06-28,Midfielder,Sweden,https://img.a.transfermarkt.technology/portrait/medium/158810-1569558190.png?lm=1,24
Fabio Daprelà,1991-02-19,Defender,Switzerland,https://img.a.transfermarkt.technology/portrait/medium/66109-1720593369.jpg?lm=1,25
Aljaž Struna,1990-08-04,Defender,Slovenia,https://img.a.transfermarkt.technology/portrait/medium/108119-1583527351.jpg?lm=1,25
Edoardo Goldaniga,1993-11-02,Defender,Italy,https://img.a.transfermarkt.technology/portrait/medium/242940-1725530007.jpg?lm=1,22
Alberto Gilardino,1982-07-05,Attacker,Italy,https://img.a.transfermarkt.technology/portrait/medium/5878-1448984743.jpg?lm=1,33
Uroš Đurđević,1994-03-02,Attacker,Serbia,https://img.a.transfermarkt.technology/portrait/medium/190804-1664207492.jpg?lm=1,22
Enzo Maresca,1980-02-10,Midfielder,Italy,https://img.a.transfermarkt.technology/portrait/medium/16651-1473504415.jpg?lm=1,36
Simone Colombi,1991-07-01,Goalkeeper,Italy,https://img.a.transfermarkt.technology/portrait/medium/57285-1595851830.jpg?lm=1,24
Antonino La Gumina,1996-03-06,Attacker,Italy,https://img.a.transfermarkt.technology/portrait/medium/287876-1712568668.png?lm=1,20
Siniša Anđelković,1986-02-13,Defender,Serbia,https://img.a.transfermarkt.technology/portrait/medium/84622-1448983841.jpg?lm=1,30
Gastón Brugman,1992-09-07,Midfielder,Uruguay,https://img.a.transfermarkt.technology/portrait/medium/131109-1740672677.jpg?lm=1,23
Michel Morganella,1989-05-17,Defender,Switzerland,https://img.a.transfermarkt.technology/portrait/medium/47544-1570170561.jpg?lm=1,27
Giuseppe Pezzella,1997-11-29,Defender,Italy,https://img.a.transfermarkt.technology/portrait/medium/336960-1661521548.jpg?lm=1,18
Bryan Cristante,1995-03-03,Midfielder,Italy,https://img.a.transfermarkt.technology/portrait/medium/199248-1724827920.jpg?lm=1,21
Norbert Sándor Balogh,1996-02-21,Defender,Hungary,https://img.a.transfermarkt.technology/portrait/medium/326204-1658146900.png?lm=1,20
Fabrizio Alastra,1997-10-01,Goalkeeper,Italy,https://img.a.transfermarkt.technology/portrait/medium/287871-1666173457.jpeg?lm=1,18
Josip Posavec,1996-03-10,Goalkeeper,Croatia,https://img.a.transfermarkt.technology/portrait/medium/255322-1631128171.jpg?lm=1,20
Accursio Bentivegna,1996-06-21,Midfielder,Italy,https://img.a.transfermarkt.technology/portrait/medium/244927-1454582850.jpg?lm=1,20
Thiago Rangel Cionek,1986-04-21,Defender,Brazil,https://img.a.transfermarkt.technology/portrait/medium/79510-1632468594.jpg?lm=1,30
Federico Peluso,1984-01-20,Defender,Italy,https://img.a.transfermarkt.technology/portrait/medium/21763-1630506088.jpg?lm=1,32
Francesco Acerbi,1988-02-10,Defender,Italy,https://img.a.transfermarkt.technology/portrait/medium/131075-1663572709.jpg?lm=1,28
Gregoire Defrel,1991-06-17,Attacker,France,https://img.a.transfermarkt.technology/portrait/medium/163222-1726142270.png?lm=1,25
Francesco Magnanelli,1984-11-12,Midfielder,Italy,https://img.a.transfermarkt.technology/portrait/medium/7093-1663947549.jpg?lm=1,31
Simone Missiroli,1986-05-23,Midfielder,Italy,https://img.a.transfermarkt.technology/portrait/medium/35747-1596023502.jpg?lm=1,30
Domenico Berardi,1994-08-01,Attacker,Italy,https://img.a.transfermarkt.technology/portrait/medium/177843-1692883147.jpg?lm=1,21
Joseph Alfred Duncan,1993-03-10,Midfielder,Ghana,https://img.a.transfermarkt.technology/portrait/medium/184894-1663591729.jpg?lm=1,23
Andrea Consigli,1987-01-27,Goalkeeper,Italy,https://img.a.transfermarkt.technology/portrait/medium/35865-1595849608.jpg?lm=1,29
Paolo Cannavaro,1981-06-26,Defender,Italy,https://img.a.transfermarkt.technology/portrait/medium/5858-1449059381.jpg?lm=1,35
Šime Vrsaljko,1992-01-10,Defender,Croatia,https://img.a.transfermarkt.technology/portrait/medium/76061-1681977792.jpg?lm=1,24
Antonio Floro Flores,1983-06-18,Attacker,Italy,https://img.a.transfermarkt.technology/portrait/medium/16893-1449060072.jpg?lm=1,33
Matteo Politano,1993-08-03,Attacker,Italy,https://img.a.transfermarkt.technology/portrait/medium/165895-1692963030.jpg?lm=1,22
Nicola Sansone,1991-09-10,Attacker,Italy,https://img.a.transfermarkt.technology/portrait/medium/82048-1663656944.jpg?lm=1,24
Diego Falcinelli,1991-06-26,Attacker,Italy,https://img.a.transfermarkt.technology/portrait/medium/119115-1664874991.png?lm=1,25
Karim Laribi,1991-04-20,Midfielder,Tunisia,https://img.a.transfermarkt.technology/portrait/medium/124911-1632469262.jpg?lm=1,25
Marcello Gazzola,1985-04-03,Defender,Italy,https://img.a.transfermarkt.technology/portrait/medium/57643-1449059533.jpg?lm=1,31
Davide Biondini,1983-01-24,Midfielder,Italy,https://img.a.transfermarkt.technology/portrait/medium/22186-1449059808.jpg?lm=1,33
Emanuele Terranova,1987-04-14,Defender,Italy,https://img.a.transfermarkt.technology/portrait/medium/61770-1647293474.jpg?lm=1,29
Lorenzo Ariaudo,1989-06-11,Defender,Italy,https://img.a.transfermarkt.technology/portrait/medium/84921-1675196781.png?lm=1,27
Gianluca Pegolo,1981-03-25,Goalkeeper,Italy,https://img.a.transfermarkt.technology/portrait/medium/21872-1695107566.jpg?lm=1,35
Alessandro Longhi,1989-06-25,Defender,Italy,https://img.a.transfermarkt.technology/portrait/medium/112666-1640520157.jpg?lm=1,27
Lorenzo Pellegrini,1996-06-19,Midfielder,Italy,https://img.a.transfermarkt.technology/portrait/medium/286297-1692962972.jpg?lm=1,20
Marcello Trotta,1992-09-29,Attacker,Italy,https://img.a.transfermarkt.technology/portrait/medium/129505-1641773437.jpg?lm=1,23
Luca Antei,1992-04-19,Defender,Italy,https://img.a.transfermarkt.technology/portrait/medium/146743-1449059253.jpg?lm=1,24
Claud Adjapong,1998-05-06,Defender,Italy,https://img.a.transfermarkt.technology/portrait/medium/337716-1594641383.jpg?lm=1,18
Maximiliano Nicol Moralez,1987-02-27,Midfielder,Argentina,https://img.a.transfermarkt.technology/portrait/medium/30687-1740921053.jpg?lm=1,29
Germán Gustavo Denis,1981-09-10,Attacker,Argentina,https://img.a.transfermarkt.technology/portrait/medium/30873-1632469377.jpg?lm=1,34
Marten de Roon,1991-03-29,Midfielder,Netherlands,https://img.a.transfermarkt.technology/portrait/medium/133179-1663582942.jpg?lm=1,25
Boukary Dramé,1985-07-22,Midfielder,Mali,https://img.a.transfermarkt.technology/portrait/medium/33442-1449133660.jpg?lm=1,30
Nicolò Cherubin,1986-12-02,Defender,Italy,https://img.a.transfermarkt.technology/portrait/medium/56854-1449133795.jpg?lm=1,29
Andrea Masiello,1986-02-05,Defender,Italy,https://img.a.transfermarkt.technology/portrait/medium/34198-1455534054.jpg?lm=1,30
Alejandro Darío Gómez,1988-02-15,Attacker,Argentina,https://img.a.transfermarkt.technology/portrait/medium/20005-1670101551.jpg?lm=1,28
Guglielmo Stendardo,1981-05-06,Defender,Italy,https://img.a.transfermarkt.technology/portrait/medium/22093-1449133855.jpg?lm=1,35
Carlos Emilio Carmona Tello,1987-02-21,Midfielder,Chile,https://img.a.transfermarkt.technology/portrait/medium/76387-1489490548.jpg?lm=1,29
Jasmin Kurtič,1989-01-10,Midfielder,Slovenia,https://img.a.transfermarkt.technology/portrait/medium/85825-1596013416.jpg?lm=1,27
Marco Sportiello,1992-05-10,Goalkeeper,Italy,https://img.a.transfermarkt.technology/portrait/medium/199976-1661351013.jpg?lm=1,24
Mauricio Ricardo Pinilla Ferreira,1984-02-04,Attacker,Chile,https://img.a.transfermarkt.technology/portrait/medium/6160-1455533683.jpg?lm=1,32
Marco D''Alessandro,1991-02-17,Attacker,Italy,https://img.a.transfermarkt.technology/portrait/medium/99232-1595930106.jpg?lm=1,25
Giulio Migliaccio,1981-06-23,Midfielder,Italy,https://img.a.transfermarkt.technology/portrait/medium/21756-1449134413.jpg?lm=1,35
Alberto Grassi,1995-03-07,Midfielder,Italy,https://img.a.transfermarkt.technology/portrait/medium/197473-1695031303.jpg?lm=1,21
Luigi Giorgi,1987-04-19,Midfielder,Italy,https://img.a.transfermarkt.technology/portrait/medium/57389-1578116453.jpg?lm=1,29
Marcelo Alejandro Estigarribia Balmori,1987-09-21,Attacker,Paraguay,https://img.a.transfermarkt.technology/portrait/medium/76329-1449134267.jpg?lm=1,28
Gabriel Alejandro Paletta,1986-02-15,Defender,Italy,https://img.a.transfermarkt.technology/portrait/medium/30767-1663658907.jpg?lm=1,30
Gianpaolo Bellini,1980-03-27,Defender,Italy,https://img.a.transfermarkt.technology/portrait/medium/s_19435_800_2013_09_20_1.jpg?lm=1,36
Cristian Raimondi,1981-04-30,Midfielder,Italy,https://img.a.transfermarkt.technology/portrait/medium/22249-1455533777.jpg?lm=1,35
Gaetano Monachello,1994-03-03,Attacker,Italy,https://img.a.transfermarkt.technology/portrait/medium/162952-1604754696.jpg?lm=1,22
Rafael Tolói,1990-10-10,Defender,Brazil,https://img.a.transfermarkt.technology/portrait/medium/72441-1663583172.jpg?lm=1,25
Luca Cigarini,1986-06-20,Midfielder,Italy,https://img.a.transfermarkt.technology/portrait/medium/33218-1697616444.jpg?lm=1,30
Davide Brivio,1988-03-17,Defender,Italy,https://img.a.transfermarkt.technology/portrait/medium/38824-1570172755.png?lm=1,28
Davide Bassi,1985-04-12,Goalkeeper,Italy,https://img.a.transfermarkt.technology/portrait/medium/41914-1555059961.png?lm=1,31
Andrea Conti,1994-03-02,Defender,Italy,https://img.a.transfermarkt.technology/portrait/medium/111227-1661351199.jpg?lm=1,22
Alessandro Diamanti,1983-05-02,Midfielder,Italy,https://img.a.transfermarkt.technology/portrait/medium/23197-1721932691.jpg?lm=1,33
Marco Borriello,1982-06-18,Attacker,Italy,https://img.a.transfermarkt.technology/portrait/medium/5825-1455533007.jpg?lm=1,34
Remo Freuler,1992-04-15,Midfielder,Switzerland,https://img.a.transfermarkt.technology/portrait/medium/148252-1688044464.jpg?lm=1,24
Serge Gakpé,1987-05-07,Attacker,Togo,https://img.a.transfermarkt.technology/portrait/medium/36293-1691496899.png?lm=1,29
Berat Djimsiti,1993-02-19,Defender,Albania,https://img.a.transfermarkt.technology/portrait/medium/165513-1718627443.jpg?lm=1,23
Roberto Gagliardini,1994-04-07,Midfielder,Italy,https://img.a.transfermarkt.technology/portrait/medium/197471-1641817964.jpg?lm=1,22
Boris Radunović,1996-05-26,Goalkeeper,Serbia,https://img.a.transfermarkt.technology/portrait/medium/258482-1634222812.jpg?lm=1,20
Massimo Gobbi,1980-10-31,Defender,Italy,https://img.a.transfermarkt.technology/portrait/medium/28020-1455535127.jpg?lm=1,35
Paul-José M''Poku Ebunge,1992-04-19,Midfielder,Congo,https://img.a.transfermarkt.technology/portrait/medium/73846-1626951703.jpg?lm=1,24
Lucas Nahuel Castro,1989-04-09,Midfielder,Argentina,https://img.a.transfermarkt.technology/portrait/medium/105892-1739197508.jpg?lm=1,27
Alberto Paloschi,1990-01-04,Attacker,Italy,https://img.a.transfermarkt.technology/portrait/medium/68306-1667903614.jpg?lm=1,26
Boštjan Cesar,1982-07-09,Defender,Slovenia,https://img.a.transfermarkt.technology/portrait/medium/24606-1570172839.png?lm=1,33
Ivan Radovanović,1988-08-29,Midfielder,Serbia,https://img.a.transfermarkt.technology/portrait/medium/46105-1663667701.jpg?lm=1,27
Valter Birsa,1986-08-07,Midfielder,Slovenia,https://img.a.transfermarkt.technology/portrait/medium/26105-1596033060.jpg?lm=1,29
Perparim Hetemaj,1986-12-12,Midfielder,Kosovo,https://img.a.transfermarkt.technology/portrait/medium/37295-1449062662.jpg?lm=1,29
Nicolas Sebastian Frey,1984-03-06,Defender,Argentina,https://img.a.transfermarkt.technology/portrait/medium/38591-1570172954.png?lm=1,32
Albano Benjamín Bizzarri,1977-11-09,Goalkeeper,Argentina,https://img.a.transfermarkt.technology/portrait/medium/7797-1449062281.jpg?lm=1,38
Alessandro Gamberini,1981-08-27,Defender,Italy,https://img.a.transfermarkt.technology/portrait/medium/16868-1449062483.jpg?lm=1,34
Nicola Rigoni,1990-11-12,Midfielder,Italy,https://img.a.transfermarkt.technology/portrait/medium/61757-1690278996.JPG?lm=1,25
Riccardo Meggiorini,1985-09-04,Attacker,Italy,https://img.a.transfermarkt.technology/portrait/medium/28936-1608182885.jpg?lm=1,30
Fabrizio Cacciatore,1986-10-08,Defender,Italy,https://img.a.transfermarkt.technology/portrait/medium/85605-1636529274.jpg?lm=1,29
Simone Pepe,1983-08-30,Attacker,Italy,https://img.a.transfermarkt.technology/portrait/medium/17249-1416220328.jpg?lm=1,32
Dario Dainelli,1979-06-09,Defender,Italy,https://img.a.transfermarkt.technology/portrait/medium/5970-1538487199.jpg?lm=1,37
Giampiero Pinzi,1981-03-11,Midfielder,Italy,https://img.a.transfermarkt.technology/portrait/medium/5893-1542313878.jpg?lm=1,35
Roberto Inglese,1991-11-12,Attacker,Italy,https://img.a.transfermarkt.technology/portrait/medium/159337-1596182862.jpg?lm=1,24
Sergio Pellissier,1979-04-12,Attacker,Italy,https://img.a.transfermarkt.technology/portrait/medium/5928-1449063117.jpg?lm=1,37
Federico Mattiello,1995-07-14,Defender,Italy,https://img.a.transfermarkt.technology/portrait/medium/200194-1602506607.jpg?lm=1,20
Gennaro Sardo,1979-05-08,Defender,Italy,https://img.a.transfermarkt.technology/portrait/medium/21770-1449062613.jpg?lm=1,37
Nicolás Federico Spolli,1983-02-20,Defender,Argentina,https://img.a.transfermarkt.technology/portrait/medium/51186-1454584736.jpg?lm=1,33
Andrea Seculin,1990-07-14,Goalkeeper,Italy,https://img.a.transfermarkt.technology/portrait/medium/85380-1664874920.png?lm=1,25
Filippo Costa,1995-05-21,Defender,Italy,https://img.a.transfermarkt.technology/portrait/medium/197743-1535017147.jpg?lm=1,21
Nikola Ninković,1994-12-19,Midfielder,Serbia,https://img.a.transfermarkt.technology/portrait/medium/168944-1713415579.png?lm=1,21
Massimo Maccarone,1979-09-06,Attacker,Italy,https://img.a.transfermarkt.technology/portrait/medium/3713-1449071544.jpg?lm=1,36
Federico Barba,1993-09-01,Defender,Italy,https://img.a.transfermarkt.technology/portrait/medium/165873-1725528561.jpg?lm=1,22
Luca Martinelli,1988-12-20,Defender,Italy,https://img.a.transfermarkt.technology/portrait/medium/84751-1613240463.png?lm=1,27
Riccardo Saponara,1991-12-21,Midfielder,Italy,https://img.a.transfermarkt.technology/portrait/medium/88909-1712158116.png?lm=1,24
Marco Zambelli,1985-08-22,Defender,Italy,https://img.a.transfermarkt.technology/portrait/medium/28031-1573209687.jpg?lm=1,30
Mário Rui Silva Duarte,1991-05-27,Defender,Portugal,https://img.a.transfermarkt.technology/portrait/medium/87884-1661351255.jpg?lm=1,25
Łukasz Skorupski,1991-05-05,Goalkeeper,Poland,https://img.a.transfermarkt.technology/portrait/medium/80894-1724827036.jpg?lm=1,25
Piotr Zieliński,1994-05-20,Midfielder,Poland,https://img.a.transfermarkt.technology/portrait/medium/181136-1692962961.jpg?lm=1,22
Assane Dioussé El Hadji,1997-09-20,Midfielder,Senegal,https://img.a.transfermarkt.technology/portrait/medium/287635-1657714916.jpg?lm=1,18
Daniele Croce,1982-09-09,Midfielder,Italy,https://img.a.transfermarkt.technology/portrait/medium/22749-1449071421.jpg?lm=1,33
Manuel Pucciarelli,1991-06-17,Attacker,Italy,https://img.a.transfermarkt.technology/portrait/medium/163683-1700050607.jpg?lm=1,25
Franco Signorelli,1991-01-01,Midfielder,Italy,https://img.a.transfermarkt.technology/portrait/medium/163690-1606779855.jpg?lm=1,25
Levan Mchedlidze,1990-03-24,Attacker,Georgia,https://img.a.transfermarkt.technology/portrait/medium/56912-1649406166.png?lm=1,26
Ronaldo Pompeu da Silva,1990-04-08,Attacker,Brazil,https://img.a.transfermarkt.technology/portrait/medium/146660-1449071442.jpg?lm=1,26
Lorenzo Tonelli,1990-01-17,Defender,Italy,https://img.a.transfermarkt.technology/portrait/medium/111347-1595916997.jpg?lm=1,26
Raffaele Maiello,1991-07-10,Midfielder,Italy,https://img.a.transfermarkt.technology/portrait/medium/140559-1632540919.jpg?lm=1,24
Andrea Costa,1986-02-01,Defender,Italy,https://img.a.transfermarkt.technology/portrait/medium/34336-1449071138.jpg?lm=1,30
Marko Livaja,1993-08-26,Attacker,Croatia,https://img.a.transfermarkt.technology/portrait/medium/95438-1662878058.jpg?lm=1,22
Leandro Daniel Paredes,1994-06-29,Midfielder,Argentina,https://img.a.transfermarkt.technology/portrait/medium/166237-1692881087.jpg?lm=1,22
Vincent Laurini,1989-06-10,Defender,France,https://img.a.transfermarkt.technology/portrait/medium/94936-1449071096.jpg?lm=1,27
Alessandro Piu,1996-07-30,Attacker,Italy,https://img.a.transfermarkt.technology/portrait/medium/253857-1449071554.jpg?lm=1,19
Luca Bittante,1993-08-14,Defender,Italy,https://img.a.transfermarkt.technology/portrait/medium/163062-1632461184.jpg?lm=1,22
Rade Krunić,1993-10-07,Midfielder,Bosnia and Herzegovina,https://img.a.transfermarkt.technology/portrait/medium/259953-1725631978.JPG?lm=1,22
Marcel Büchel,1991-03-18,Midfielder,Austria,https://img.a.transfermarkt.technology/portrait/medium/74956-1608184985.jpg?lm=1,25
Michele Camporese,1992-05-19,Defender,Italy,https://img.a.transfermarkt.technology/portrait/medium/62716-1613734631.jpg?lm=1,24
Uroš Ćosić,1992-10-24,Defender,Serbia,https://img.a.transfermarkt.technology/portrait/medium/94305-1455534855.jpg?lm=1,23
Alberto Pelagotti,1989-03-09,Goalkeeper,Italy,https://img.a.transfermarkt.technology/portrait/medium/56921-1676842593.png?lm=1,27
Maurizio Pugliesi,1976-12-27,Goalkeeper,Italy,https://img.a.transfermarkt.technology/portrait/medium/22285-1449070985.jpg?lm=1,39
Darko Lazović,1990-09-15,Midfielder,Serbia,https://img.a.transfermarkt.technology/portrait/medium/70411-1663671610.jpg?lm=1,25
Sebastian De Maio,1987-03-05,Defender,Italy,https://img.a.transfermarkt.technology/portrait/medium/56830-1664874745.png?lm=1,29
Diego Sebastián Laxalt Suárez,1993-02-07,Midfielder,Uruguay,https://img.a.transfermarkt.technology/portrait/medium/230552-1721727675.png?lm=1,23
Giovanni Marchese,1984-10-17,Defender,Italy,https://img.a.transfermarkt.technology/portrait/medium/21887-1448531212.jpg?lm=1,31
Goran Pandev,1983-07-27,Attacker,North Macedonia,https://img.a.transfermarkt.technology/portrait/medium/12563-1630583396.jpg?lm=1,32
Issa Cissokho,1985-02-23,Defender,Senegal,https://img.a.transfermarkt.technology/portrait/medium/183494-1448531270.jpg?lm=1,31
Jules Olivier Ntcham,1996-02-09,Midfielder,Cameroon,https://img.a.transfermarkt.technology/portrait/medium/224088-1730123022.JPG?lm=1,20
Nicolás Andrés Burdisso,1981-04-12,Defender,Argentina,https://img.a.transfermarkt.technology/portrait/medium/3417-1448531346.jpg?lm=1,35
Eugenio Lamanna,1989-08-07,Goalkeeper,Italy,https://img.a.transfermarkt.technology/portrait/medium/85240-1661763821.jpg?lm=1,26
Diego Ángel Capel Trinidad,1988-02-16,Attacker,Spain,https://img.a.transfermarkt.technology/portrait/medium/27471-1448531507.jpg?lm=1,28
Panagiotis Tachtsidis,1991-02-15,Midfielder,Greece,https://img.a.transfermarkt.technology/portrait/medium/62415-1732178428.png?lm=1,25
Giuseppe Panico,1997-05-10,Attacker,Italy,https://img.a.transfermarkt.technology/portrait/medium/287648-1666298897.jpg?lm=1,19
Armando Izzo,1992-03-02,Defender,Italy,https://img.a.transfermarkt.technology/portrait/medium/32113-1724827391.jpg?lm=1,24
Tomás Eduardo Rincón Hernández,1988-01-13,Midfielder,Venezuela,https://img.a.transfermarkt.technology/portrait/medium/75942-1661350808.jpg?lm=1,28
Leonardo Pavoletti,1988-11-26,Attacker,Italy,https://img.a.transfermarkt.technology/portrait/medium/64793-1725530760.jpg?lm=1,27
Blerim Džemaili,1986-04-12,Midfielder,Switzerland,https://img.a.transfermarkt.technology/portrait/medium/9967-1647955517.jpg?lm=1,30
Diogo José Rosário Gomes Figueiras,1991-07-01,Defender,Portugal,https://img.a.transfermarkt.technology/portrait/medium/172181-1634205809.jpg?lm=1,24
Mattia Perin,1992-11-10,Goalkeeper,Italy,https://img.a.transfermarkt.technology/portrait/medium/110923-1695107834.jpg?lm=1,23
Ezequiel Muñoz,1990-10-08,Defender,Argentina,https://img.a.transfermarkt.technology/portrait/medium/75127-1721934067.png?lm=1,25
Cristian Daniel Ansaldi,1986-09-20,Defender,Argentina,https://img.a.transfermarkt.technology/portrait/medium/55854-1632474398.jpg?lm=1,29
Gabriel Moisés Antunes da Silva,1991-05-13,Defender,Brazil,https://img.a.transfermarkt.technology/portrait/medium/114340-1449136632.jpg?lm=1,25
Tim Matavž,1989-01-13,Attacker,Slovenia,https://img.a.transfermarkt.technology/portrait/medium/50303-1697525254.JPG?lm=1,27
Riccardo Fiamozzi,1993-05-18,Defender,Italy,https://img.a.transfermarkt.technology/portrait/medium/197745-1697615800.jpg?lm=1,23
Luca Marrone,1990-03-28,Midfielder,Italy,https://img.a.transfermarkt.technology/portrait/medium/124769-1598866589.jpg?lm=1,26
Filippo Porcari,1984-04-28,Midfielder,Italy,https://img.a.transfermarkt.technology/portrait/medium/61358-1449137926.jpg?lm=1,32
Ryder Matos Santos,1993-02-27,Attacker,Brazil,https://img.a.transfermarkt.technology/portrait/medium/62713-1699705754.png?lm=1,23
Kevin Lasagna,1992-08-10,Attacker,Italy,https://img.a.transfermarkt.technology/portrait/medium/131951-1695219133.png?lm=1,23
Riccardo Gagliolo,1990-04-28,Defender,Italy,https://img.a.transfermarkt.technology/portrait/medium/240786-1595942443.jpg?lm=1,26
Andrea Lazzari,1984-12-03,Midfielder,Italy,https://img.a.transfermarkt.technology/portrait/medium/19442-1669295081.jpg?lm=1,31
Gaetano Letizia,1990-06-29,Defender,Italy,https://img.a.transfermarkt.technology/portrait/medium/160560-1602062126.jpg?lm=1,26
Igor Bubnjić,1992-07-17,Defender,Serbia,https://img.a.transfermarkt.technology/portrait/medium/187090-1449136867.jpg?lm=1,23
Željko Brkić,1986-07-09,Goalkeeper,Serbia,https://img.a.transfermarkt.technology/portrait/medium/37278-1449136457.jpg?lm=1,29
Kamil Wilczek,1988-01-14,Attacker,Poland,https://img.a.transfermarkt.technology/portrait/medium/78590-1671386952.jpg?lm=1,28
Antonio Di Gaudio,1989-08-16,Attacker,Italy,https://img.a.transfermarkt.technology/portrait/medium/165722-1449137286.jpg?lm=1,26
Wallace Oliveira dos Santos,1994-05-01,Midfielder,Brazil,https://img.a.transfermarkt.technology/portrait/medium/181779-1449136684.jpg?lm=1,22
Lorenzo Lollo,1990-12-08,Midfielder,Italy,https://img.a.transfermarkt.technology/portrait/medium/158463-1647292631.jpg?lm=1,25
Matteo Fedele,1992-07-20,Midfielder,Italy,https://img.a.transfermarkt.technology/portrait/medium/111438-1449137445.jpg?lm=1,23
Jerry Uche Mbakogu,1992-10-01,Attacker,Nigeria,https://img.a.transfermarkt.technology/portrait/medium/130382-1700052124.jpg?lm=1,23
Raffaele Bianco,1987-08-25,Midfielder,Italy,https://img.a.transfermarkt.technology/portrait/medium/56693-1663936482.png?lm=1,28
Cristian Zaccardo,1981-12-21,Defender,Italy,https://img.a.transfermarkt.technology/portrait/medium/5993-1449136938.jpg?lm=1,34
Francesco Benussi,1981-10-15,Goalkeeper,Italy,https://img.a.transfermarkt.technology/portrait/medium/21829-1449136568.jpg?lm=1,34
Isaac Cofie,1991-09-20,Midfielder,Ghana,https://img.a.transfermarkt.technology/portrait/medium/99327-1707406339.png?lm=1,24
Simone Romagnoli,1990-02-09,Defender,Italy,https://img.a.transfermarkt.technology/portrait/medium/88706-1681206188.jpg?lm=1,26
Vid Belec,1990-06-06,Goalkeeper,Slovenia,https://img.a.transfermarkt.technology/portrait/medium/73090-1449136513.jpg?lm=1,26
Raphael Martinho Alves de Lima,1988-04-15,Midfielder,Brazil,https://img.a.transfermarkt.technology/portrait/medium/149946-1449137079.jpg?lm=1,28
Lorenzo Pasciuti,1989-09-24,Midfielder,Italy,https://img.a.transfermarkt.technology/portrait/medium/165724-1551288347.jpg?lm=1,26
Emanuele Suagher,1992-11-26,Defender,Italy,https://img.a.transfermarkt.technology/portrait/medium/163600-1551288276.jpg?lm=1,23
Fabrizio Poli,1989-05-26,Defender,Italy,https://img.a.transfermarkt.technology/portrait/medium/124173-1602088575.jpg?lm=1,27
Stefano Sabelli,1993-01-13,Defender,Italy,https://img.a.transfermarkt.technology/portrait/medium/167491-1595930293.jpg?lm=1,23
Simone Verdi,1992-07-12,Attacker,Italy,https://img.a.transfermarkt.technology/portrait/medium/130360-1663671979.jpg?lm=1,23
Jonathan de Guzmán,1987-09-13,Midfielder,Netherlands,https://img.a.transfermarkt.technology/portrait/medium/31067-1723809863.jpg?lm=1,28
Thomas Heurtaux,1988-07-03,Defender,France,https://img.a.transfermarkt.technology/portrait/medium/109598-1614151032.png?lm=1,27
Emmanuel Agyemang-Badu,1990-12-02,Midfielder,Ghana,https://img.a.transfermarkt.technology/portrait/medium/108484-1449132193.jpg?lm=1,25
Edenílson Andrade dos Santos,1989-12-18,Midfielder,Brazil,https://img.a.transfermarkt.technology/portrait/medium/169052-1662689029.jpg?lm=1,26
Cyril Théréau,1983-04-24,Attacker,France,https://img.a.transfermarkt.technology/portrait/medium/29316-1449133143.jpg?lm=1,33
Antonio Di Natale,1977-10-13,Attacker,Italy,https://img.a.transfermarkt.technology/portrait/medium/6031-1455531708.jpg?lm=1,38
Danilo Larangeira,1984-05-10,Defender,Brazil,https://img.a.transfermarkt.technology/portrait/medium/32816-1595921001.jpg?lm=1,32
Iván Rodrigo Piris Leguizamón,1989-03-10,Defender,Paraguay,https://img.a.transfermarkt.technology/portrait/medium/125251-1449132463.jpg?lm=1,27
Orestis Karnezis,1985-07-11,Goalkeeper,Greece,https://img.a.transfermarkt.technology/portrait/medium/16408-1595851100.jpg?lm=1,30
Manuel Rolando Iturra Urrutia,1984-06-23,Midfielder,Chile,https://img.a.transfermarkt.technology/portrait/medium/40428-1449132499.jpg?lm=1,32
Bruno Miguel Borges Fernandes,1994-09-08,Midfielder,Portugal,https://img.a.transfermarkt.technology/portrait/medium/240306-1683882766.jpg?lm=1,21
Ali Adnan Kadhim Al Tameemi,1993-12-19,Defender,Iraq,https://img.a.transfermarkt.technology/portrait/medium/261611-1705017110.png?lm=1,22
Duván Esteban Zapata Banguera,1991-04-01,Attacker,Colombia,https://img.a.transfermarkt.technology/portrait/medium/73794-1730126644.jpg?lm=1,25
Silvan Widmer,1993-03-05,Defender,Switzerland,https://img.a.transfermarkt.technology/portrait/medium/168989-1629202510.jpg?lm=1,23
Alexander Merkel,1992-02-22,Midfielder,Germany,https://img.a.transfermarkt.technology/portrait/medium/86926-1665493196.png?lm=1,24
Marco Antônio De Mattos Filho,1986-07-03,Attacker,Brazil,https://img.a.transfermarkt.technology/portrait/medium/53288-1449132620.jpg?lm=1,29
Rodrigo Sebastián Aguirre Soto,1994-10-01,Attacker,Uruguay,https://img.a.transfermarkt.technology/portrait/medium/189410-1449133224.jpg?lm=1,21
Molla Wagué,1991-02-21,Defender,Mali,https://img.a.transfermarkt.technology/portrait/medium/129893-1449131841.jpg?lm=1,25
Maurizio Domizzi,1980-06-28,Defender,Italy,https://img.a.transfermarkt.technology/portrait/medium/6750-1551290675.png?lm=1,36
Giovanni Pasquale,1982-01-05,Defender,Italy,https://img.a.transfermarkt.technology/portrait/medium/5793-1449132811.jpg?lm=1,34
Francesco Lodi,1984-03-23,Midfielder,Italy,https://img.a.transfermarkt.technology/portrait/medium/6033-1449132604.jpg?lm=1,32
Felipe Dias da Silva dal Belo,1984-07-31,Defender,Brazil,https://img.a.transfermarkt.technology/portrait/medium/17127-1449131926.jpg?lm=1,31
Stipe Perica,1995-07-07,Attacker,Croatia,https://img.a.transfermarkt.technology/portrait/medium/245072-1653328476.png?lm=1,20
Guilherme dos Santos Torres,1991-04-05,Defender,Brazil,https://img.a.transfermarkt.technology/portrait/medium/115382-1725787340.jpg?lm=1,25
Zdravko Kuzmanović,1987-09-22,Midfielder,Switzerland,https://img.a.transfermarkt.technology/portrait/medium/25441-1410340038.jpg?lm=1,28
Emil Hallfreðsson,1984-06-29,Midfielder,Iceland,https://img.a.transfermarkt.technology/portrait/medium/22673-1449061127.jpg?lm=1,32
Pablo Estífer Armero,1986-11-02,Defender,Colombia,https://img.a.transfermarkt.technology/portrait/medium/73786-1455534368.jpg?lm=1,29
Luca Toni,1977-05-26,Attacker,Italy,https://img.a.transfermarkt.technology/portrait/medium/5980-1449061674.jpg?lm=1,39
Leandro Greco,1986-07-19,Midfielder,Italy,https://img.a.transfermarkt.technology/portrait/medium/39831-1604766329.jpg?lm=1,29
Rafael Márquez Álvarez,1979-02-13,Defender,Mexico,https://img.a.transfermarkt.technology/portrait/medium/2904-1720390668.jpg?lm=1,37
Rafael de Andrade Bittencourt Pinheiro,1982-03-03,Goalkeeper,Brazil,https://img.a.transfermarkt.technology/portrait/medium/84467-1602506898.jpg?lm=1,34
Boško Janković,1984-03-01,Midfielder,Serbia,https://img.a.transfermarkt.technology/portrait/medium/19708-1449061649.jpg?lm=1,32
Juan Ignacio Gómez Taleb,1985-05-20,Attacker,Argentina,https://img.a.transfermarkt.technology/portrait/medium/38592-1449061592.jpg?lm=1,31
Eros Pisano,1987-03-31,Defender,Italy,https://img.a.transfermarkt.technology/portrait/medium/56609-1449061018.jpg?lm=1,29
Samuel Souprayen,1989-02-18,Defender,France,https://img.a.transfermarkt.technology/portrait/medium/60599-1635320145.png?lm=1,27
Vangelis Moras,1981-08-26,Defender,Greece,https://img.a.transfermarkt.technology/portrait/medium/9850-1449060916.jpg?lm=1,34
Luca Siligardi,1988-01-26,Attacker,Italy,https://img.a.transfermarkt.technology/portrait/medium/86079-1449061557.jpg?lm=1,28
Rômulo Souza Orestes Caldeira,1987-05-22,Midfielder,Brazil,https://img.a.transfermarkt.technology/portrait/medium/121756-1449061067.jpg?lm=1,29
Giampaolo Pazzini,1984-08-02,Attacker,Italy,https://img.a.transfermarkt.technology/portrait/medium/19447-1449061516.jpg?lm=1,31
Federico Viviani,1992-03-24,Midfielder,Italy,https://img.a.transfermarkt.technology/portrait/medium/165900-1596023223.jpg?lm=1,24
Artur Ioniţă,1990-08-17,Midfielder,Romania,https://img.a.transfermarkt.technology/portrait/medium/98888-1596012828.jpg?lm=1,25
Pierluigi Gollini,1995-03-18,Goalkeeper,Italy,https://img.a.transfermarkt.technology/portrait/medium/244192-1695026486.jpg?lm=1,21
Matteo Bianchetti,1993-03-17,Defender,Italy,https://img.a.transfermarkt.technology/portrait/medium/160986-1663683697.jpg?lm=1,23
Michelangelo Albertazzi,1991-01-07,Defender,Italy,https://img.a.transfermarkt.technology/portrait/medium/56841-1449060859.jpg?lm=1,25
Filip Helander,1993-04-22,Defender,Sweden,https://img.a.transfermarkt.technology/portrait/medium/198067-1732288094.jpg?lm=1,23
Mattia Zaccagni,1995-06-16,Midfielder,Italy,https://img.a.transfermarkt.technology/portrait/medium/283735-1695026445.jpg?lm=1,21
Matuzalém Francelino da Silva,1980-06-10,Midfielder,Brazil,https://img.a.transfermarkt.technology/portrait/medium/5974-1417078210.jpg?lm=1,36
Luca Checchin,1997-05-03,Midfielder,Italy,https://img.a.transfermarkt.technology/portrait/medium/209048-1449061797.jpg?lm=1,19
Urby Emanuelson,1986-06-16,Midfielder,Netherlands,https://img.a.transfermarkt.technology/portrait/medium/20586-1629451683.jpg?lm=1,30
Mohamed Salim Fares,1996-02-15,Midfielder,Italy,https://img.a.transfermarkt.technology/portrait/medium/287700-1730217489.jpg?lm=1,20
Ferdinando Coppola,1978-06-10,Goalkeeper,Italy,https://img.a.transfermarkt.technology/portrait/medium/5986-1449060665.jpg?lm=1,38
Samir Caetano de Souza Santos,1994-12-05,Defender,Brazil,https://img.a.transfermarkt.technology/portrait/medium/255744-1595914430.jpg?lm=1,21
Dominik Furman,1992-07-06,Midfielder,Poland,https://img.a.transfermarkt.technology/portrait/medium/74687-1669141883.png?lm=1,23
Mirko Gori,1993-02-04,Midfielder,Italy,https://img.a.transfermarkt.technology/portrait/medium/163223-1632540861.jpg?lm=1,23
Luca Paganini,1993-06-08,Attacker,Italy,https://img.a.transfermarkt.technology/portrait/medium/167444-1633103044.jpg?lm=1,23
Aleandro Rosi,1987-05-17,Defender,Italy,https://img.a.transfermarkt.technology/portrait/medium/34239-1632464672.jpg?lm=1,29
Adriano Russo,1987-06-06,Midfielder,Italy,https://img.a.transfermarkt.technology/portrait/medium/44281-1449138438.jpg?lm=1,29
Samuele Longo,1992-01-12,Attacker,Italy,https://img.a.transfermarkt.technology/portrait/medium/124560-1598857109.jpg?lm=1,24
Roberto Crivello,1991-09-14,Defender,Italy,https://img.a.transfermarkt.technology/portrait/medium/130348-1570304099.png?lm=1,24
Federico Dionisi,1987-06-16,Attacker,Italy,https://img.a.transfermarkt.technology/portrait/medium/119369-1602878322.jpg?lm=1,29
Robert Gucher,1991-02-20,Midfielder,Austria,https://img.a.transfermarkt.technology/portrait/medium/52188-1449138771.jpg?lm=1,25
Nicola Leali,1993-02-17,Goalkeeper,Italy,https://img.a.transfermarkt.technology/portrait/medium/136111-1692963337.jpg?lm=1,23
Danilo Soddimo,1987-09-27,Midfielder,Italy,https://img.a.transfermarkt.technology/portrait/medium/39690-1449138976.jpg?lm=1,28
Massimiliano Carlini,1986-08-20,Midfielder,Italy,https://img.a.transfermarkt.technology/portrait/medium/43206-1449139504.jpg?lm=1,29
Matteo Ciofani,1985-07-31,Defender,Italy,https://img.a.transfermarkt.technology/portrait/small/119355-1449138353.jpg?lm=1,30
Daniele Verde,1996-06-20,Attacker,Italy,https://img.a.transfermarkt.technology/portrait/medium/256361-1681205989.jpg?lm=1,20
Leonardo Blanchard,1988-05-06,Defender,Italy,https://img.a.transfermarkt.technology/portrait/medium/119366-1449137987.jpg?lm=1,28
Daniel Ciofani,1985-07-31,Attacker,Italy,https://img.a.transfermarkt.technology/portrait/small/29605-1663683629.jpg?lm=1,30
Aleksandar Tonev,1990-02-03,Midfielder,Bulgaria,https://img.a.transfermarkt.technology/portrait/medium/87282-1649487018.png?lm=1,26
Daniel Pavlovic,1988-04-22,Defender,Switzerland,https://img.a.transfermarkt.technology/portrait/medium/19671-1449138087.jpg?lm=1,28
Yussif Raman Chibsah,1993-05-10,Midfielder,Ghana,https://img.a.transfermarkt.technology/portrait/medium/199633-1626266674.jpg?lm=1,23
Paolo Sammarco,1983-03-17,Midfielder,Italy,https://img.a.transfermarkt.technology/portrait/medium/7101-1449139050.jpg?lm=1,33
Nicolás Ignacio Castillo Mora,1993-02-14,Attacker,Chile,https://img.a.transfermarkt.technology/portrait/medium/145602-1565165397.png?lm=1,23
Alessandro Frara,1982-11-07,Midfielder,Italy,https://img.a.transfermarkt.technology/portrait/medium/6004-1449139090.jpg?lm=1,33
Davide Bertoncini,1991-05-09,Defender,Italy,https://img.a.transfermarkt.technology/portrait/medium/91914-1665738672.png?lm=1,25
Massimo Zenildo Zappino,1981-06-12,Goalkeeper,Italy,https://img.a.transfermarkt.technology/portrait/medium/43237-1449138010.jpg?lm=1,35
Arlind Afrim Ajeti,1993-09-25,Defender,Albania,https://img.a.transfermarkt.technology/portrait/medium/159288-1721803187.png?lm=1,22
Oliver Kragl,1990-05-12,Midfielder,Germany,https://img.a.transfermarkt.technology/portrait/medium/56513-1698843251.jpg?lm=1,26
Vasyl Pryyma,1991-06-10,Defender,Ukraine,https://img.a.transfermarkt.technology/portrait/medium/87893-1612105082.png?lm=1,25
Francesco Bardi,1992-01-18,Goalkeeper,Italy,https://img.a.transfermarkt.technology/portrait/medium/110925-1697615462.jpg?lm=1,24
